baseline,avg_latency_improvement_percent,p50_latency_improvement_percent,p90_latency_improvement_percent,p95_latency_improvement_percent,p99_latency_improvement_percent,max_latency_improvement_percent,throughput_change_percent
Round Robin,6.800999049228036,14.876696918398707,4.676879373441708,6.569542015253704,2.2499302948189936,-26.8638816709974,-3.5773348954430655
Random,5.555066733400592,0.9521147165314761,4.034748088440925,5.664322771624914,2.2938558662531863,38.18659914296845,-5.01090164080335
Least Connections,0.997536738493271,-26.075797816693917,1.6264940733404774,3.016131167246292,1.0570460745715493,24.015323835747633,-3.90489472776213
