strategy_label,samples,errors,error_rate_percent,throughput_rps,duration_s,avg_ms,p50_ms,p90_ms,p95_ms,p99_ms,max_ms
Adaptive,242134,1,0.0004129944576143,493.8093849357281,490.339,338.9029669521835,92.0,1079.0,1289.0,2739.0,6347.0
Least Connections,242314,0,0.0,496.2176596589955,488.322,338.28132093069325,73.0,1088.0,1302.0,2764.0,8353.0
Random,241843,1,0.0004134913973114,494.6301875292727,488.937,353.3779890259383,93.0,1106.0,1326.0,2779.0,10268.0
Round Robin,241717,1,0.000413706938279,491.5894692956143,491.705,358.38259617652045,101.0,1111.0,1332.0,2784.0,6358.0
