file,strategy_folder,run,samples,errors,error_rate_percent,throughput_rps,duration_s,avg_ms,p50_ms,p90_ms,p95_ms,p99_ms,max_ms,avg_ms_std,p50_ms_std,p90_ms_std,p95_ms_std,p99_ms_std,max_ms_std,throughput_rps_std,error_rate_percent_std
D:\Downloads\apache-jmeter-5.6.3\bin\ALB_Test\results\02_medium_dependency_slowdown_mixed_0600_tst\adaptive_full\adaptive_full-1.jtl,adaptive_full,adaptive_full-1,242134,1,0.0004129944576143788,493.80938493572813,490.339,338.9029669521835,92.0,1079.0,1289.0,2739.0,6347.0,,,,,,,,
D:\Downloads\apache-jmeter-5.6.3\bin\ALB_Test\results\02_medium_dependency_slowdown_mixed_0600_tst\least_connect\least_connect-1.jtl,least_connect,least_connect-1,242314,0,0.0,496.2176596589955,488.322,338.28132093069325,73.0,1088.0,1302.0,2764.0,8353.0,,,,,,,,
D:\Downloads\apache-jmeter-5.6.3\bin\ALB_Test\results\02_medium_dependency_slowdown_mixed_0600_tst\random\random-1.jtl,random,random-1,241843,1,0.00041349139731147895,494.6301875292727,488.937,353.3779890259383,93.0,1106.0,1326.0,2779.0,10268.0,,,,,,,,
D:\Downloads\apache-jmeter-5.6.3\bin\ALB_Test\results\02_medium_dependency_slowdown_mixed_0600_tst\round_robin\round_robin-1.jtl,round_robin,round_robin-1,241717,1,0.0004137069382790619,491.58946929561426,491.705,358.38259617652045,101.0,1111.0,1332.0,2784.0,6358.0,,,,,,,,
AGGREGATE,adaptive_full,mean_of_runs,242134,1,0.0004129944576143788,493.80938493572813,490.339,338.9029669521835,92.0,1079.0,1289.0,2739.0,6347.0,0.0,0.0,0.0,0.0,0.0,0.0,0.0,0.0
AGGREGATE,least_connect,mean_of_runs,242314,0,0.0,496.2176596589955,488.322,338.28132093069325,73.0,1088.0,1302.0,2764.0,8353.0,0.0,0.0,0.0,0.0,0.0,0.0,0.0,0.0
AGGREGATE,random,mean_of_runs,241843,1,0.00041349139731147895,494.6301875292727,488.937,353.3779890259383,93.0,1106.0,1326.0,2779.0,10268.0,0.0,0.0,0.0,0.0,0.0,0.0,0.0,0.0
AGGREGATE,round_robin,mean_of_runs,241717,1,0.0004137069382790619,491.58946929561426,491.705,358.38259617652045,101.0,1111.0,1332.0,2784.0,6358.0,0.0,0.0,0.0,0.0,0.0,0.0,0.0,0.0
