strategy_folder,strategy_name,run_count,complete_3_runs,samples,errors,error_rate_percent,throughput_rps,duration_s,avg_ms,p50_ms,p90_ms,p95_ms,p99_ms,max_ms,avg_ms_std,p50_ms_std,p90_ms_std,p95_ms_std,p99_ms_std,max_ms_std,throughput_rps_std,error_rate_percent_std
adaptive_full,Adaptive,3,True,215272,0,0.0,266.31450665259763,808.363,385.64402392856766,159.66666666666666,1116.6666666666667,1326.0,2790.209999999997,3244.333333333333,2.317294723352143,0.9428090415820634,6.018490028422596,2.943920288775949,9.875569181911208,34.120700787384514,1.4821895017883608,0.0
least_connect,Least Connections,3,True,215494,0,0.0,260.002598688736,829.098,391.4522512360254,157.66666666666666,1133.3333333333333,1340.6666666666667,2797.179999999998,4408.0,11.227037747561663,3.0912061651652345,21.74600857373345,18.624953392931992,13.882775899173232,1731.7126397490626,4.841142577145964,0.0
random,Random,3,True,215428,0,0.0,265.7506732247636,810.656,381.4612358832181,157.0,1113.3333333333333,1325.0333333333303,2778.6800000000026,3251.333333333333,2.2824567432851843,0.816496580927726,3.0912061651652345,1.4613540144480823,17.34026528055711,20.80598204576965,1.1797876953546067,0.0
round_robin,Round Robin,3,True,215396,0,0.0,265.733211670947,810.861,387.079826060748,161.0,1119.6666666666667,1329.0,2778.2899999999986,3487.0,5.968561554622542,4.96655480858378,7.039570693980958,5.0990195135927845,11.788760183612084,277.4214603571012,4.996698459962663,0.0
