strategy_folder,strategy_name,run_count,avg_ms,avg_ms_std,p90_ms,p90_ms_std,p95_ms,p95_ms_std,p99_ms,p99_ms_std,throughput_rps,throughput_rps_std,error_rate_percent,error_rate_percent_std,max_ms,max_ms_std
adaptive_full,Adaptive,3,385.64402392856766,2.317294723352143,1116.6666666666667,6.018490028422596,1326.0,2.943920288775949,2790.209999999997,9.875569181911208,266.31450665259763,1.4821895017883608,0.0,0.0,3244.333333333333,34.120700787384514
least_connect,Least Connections,3,391.4522512360254,11.227037747561663,1133.3333333333333,21.74600857373345,1340.6666666666667,18.624953392931992,2797.179999999998,13.882775899173232,260.002598688736,4.841142577145964,0.0,0.0,4408.0,1731.7126397490626
random,Random,3,381.4612358832181,2.2824567432851843,1113.3333333333333,3.0912061651652345,1325.0333333333303,1.4613540144480823,2778.6800000000026,17.34026528055711,265.7506732247636,1.1797876953546067,0.0,0.0,3251.333333333333,20.80598204576965
round_robin,Round Robin,3,387.079826060748,5.968561554622542,1119.6666666666667,7.039570693980958,1329.0,5.0990195135927845,2778.2899999999986,11.788760183612084,265.733211670947,4.996698459962663,0.0,0.0,3487.0,277.4214603571012
