baseline,avg_ms_adaptive_change_percent,p50_ms_adaptive_change_percent,p90_ms_adaptive_change_percent,p95_ms_adaptive_change_percent,p99_ms_adaptive_change_percent,max_ms_adaptive_change_percent,error_rate_percent_adaptive_change_percent,throughput_rps_adaptive_change_percent
Least Connections,-26.441680731913035,-15.024458420684836,-29.672619047619047,-51.597358248539734,0.0,-8.885704949350224,-58.60439260361275,-17.66738659161001
Random,-1.2378854759680342,12.91005291005291,23.835329079625907,-11.77786298568507,-31.111905525658123,-14.033748387606288,82.24213546642277,-1.4544788680274439
Round Robin,-23.169434841584994,-6.883116883116883,11.622718052738337,-15.842108748923769,-66.82440314998445,-23.790472380190327,83.69294530329317,-12.570695214430467
