algorithm,samples,errors,error_rate_percent,throughput_rps,duration_s,avg_ms,p50_ms,p90_ms,p95_ms,p99_ms,max_ms
Adaptive,180252,5450,3.0235448150367263,546.2049404862913,330.008,3992.734799059095,1646.0,8714.0,17491.0,30001.0,43318.0
Least Connections,219163,4178,1.9063436802744989,663.4126112054535,330.357,3157.767894215721,1431.0,6720.0,11537.799999999988,30001.0,39783.0
Random,182903,31142,17.02651132020798,554.2666315141928,329.991,3943.913664620045,1890.0,11441.0,15648.0,22881.98000000001,37987.0
Round Robin,209122,38774,18.54132994137393,624.7389726201324,334.735,3241.660403974713,1540.0,9860.0,15099.0,17983.580000000016,34993.0
