strategy_folder,strategy_name,run_count,complete_3_runs,samples,errors,error_rate_percent,throughput_rps,duration_s,avg_ms,p50_ms,p90_ms,p95_ms,p99_ms,max_ms,avg_ms_std,p50_ms_std,p90_ms_std,p95_ms_std,p99_ms_std,max_ms_std,throughput_rps_std,error_rate_percent_std
adaptive_full,Adaptive,3,True,592636,0,0.0,555.7740854740047,1066.4160000000002,392.9189354441344,156.66666666666666,1131.3333333333333,1346.0,2806.6666666666665,3890.3333333333335,5.821108594679327,6.236095644623235,5.792715732327589,6.48074069840786,4.496912521077348,259.0396795001792,5.13556793322235,0.0
least_connect,Least Connections,3,True,591769,1,0.0001695421006944,576.1103445774643,1027.903,411.1171690561648,152.0,1175.0,1394.6666666666667,2870.279999999999,7579.333333333333,10.122599411929327,3.265986323710904,18.05547008526779,21.076579946049648,31.12207362414456,461.718769623049,14.754473871154492,0.0002397687381953
random,Random,3,True,588710,41,0.0069887017383399,548.4485542617133,1073.4740000000002,502.2392217665264,200.66666666666663,1330.0,1836.6666666666667,3189.0,12174.0,67.82864293461363,33.06895153396242,140.61531448127073,414.3028951007812,244.84416812876444,5928.275465934423,3.5465724378656533,0.0084790611668045
round_robin,Round Robin,3,True,560213,3971,0.7879365594469042,545.8558690457601,1025.372,995.546320017795,283.6666666666667,3297.6666666666665,4646.783333333326,7465.0,18062.666666666668,634.7940985918593,61.41841924229426,2778.161782346177,3741.4764769035055,5414.892488929643,8452.808461623206,28.19730897533612,1.1042120430052802
