strategy_folder,strategy_name,run_count,avg_ms,avg_ms_std,p90_ms,p90_ms_std,p95_ms,p95_ms_std,p99_ms,p99_ms_std,throughput_rps,throughput_rps_std,error_rate_percent,error_rate_percent_std,max_ms,max_ms_std
adaptive_full,Adaptive,3,392.9189354441344,5.821108594679327,1131.3333333333333,5.792715732327589,1346.0,6.48074069840786,2806.6666666666665,4.496912521077348,555.7740854740047,5.13556793322235,0.0,0.0,3890.3333333333335,259.0396795001792
least_connect,Least Connections,3,411.1171690561648,10.122599411929327,1175.0,18.05547008526779,1394.6666666666667,21.076579946049648,2870.279999999999,31.12207362414456,576.1103445774643,14.754473871154492,0.0001695421006944,0.0002397687381953,7579.333333333333,461.718769623049
random,Random,3,502.2392217665264,67.82864293461363,1330.0,140.61531448127073,1836.6666666666667,414.3028951007812,3189.0,244.84416812876444,548.4485542617133,3.5465724378656533,0.0069887017383399,0.0084790611668045,12174.0,5928.275465934423
round_robin,Round Robin,3,995.546320017795,634.7940985918593,3297.6666666666665,2778.161782346177,4646.783333333326,3741.4764769035055,7465.0,5414.892488929643,545.8558690457601,28.19730897533612,0.7879365594469042,1.1042120430052802,18062.666666666668,8452.808461623206
