baseline,avg_latency_improvement_percent,p50_latency_improvement_percent,p90_latency_improvement_percent,p95_latency_improvement_percent,p99_latency_improvement_percent,max_latency_improvement_percent,throughput_change_percent
Round Robin,-36.93186242699545,-82.20858895705521,-22.73451327433629,-83.38635427972602,-58.72990197664264,-169.43032896496388,-0.23652705505621238
Random,26.417173464263794,31.724137931034484,28.35890283589028,3.543376838126735,-9.629664570490858,-16.583728735100102,1.6763091529446814
Least Connections,16.081257357386026,8.615384615384615,19.459930313588846,0.40853658536586107,-25.63016364339851,24.62965733951818,0.12782586465067847
