strategy,strategy_folder,samples,errors,error_rate_percent,throughput_rps,avg_ms,p50_ms,p90_ms,p95_ms,p99_ms,max_ms
Adaptive,adaptive_full,71026,6,0.008447610734097373,274.16,527.53,297.0,1386.9,2449.95,4415.85,10074.0
Least Connections,least_connect,71174,1,0.0014050074465394666,273.81,628.62,325.0,1722.0,2460.0,3514.96,13366.0
Random,random,71071,6,0.008442261963388724,269.64,716.92,435.0,1935.9,2539.95,4027.97,8641.0
Round Robin,round_robin,71797,0,0.0,274.81,385.25,163.0,1130.0,1335.95,2781.99,3739.0
