strategy_folder,strategy_name,run_count,complete_3_runs,samples,errors,error_rate_percent,throughput_rps,duration_s,avg_ms,p50_ms,p90_ms,p95_ms,p99_ms,max_ms,avg_ms_std,p50_ms_std,p90_ms_std,p95_ms_std,p99_ms_std,max_ms_std,throughput_rps_std,error_rate_percent_std
adaptive_full,Adaptive,3,True,884147,277,0.0315998473333428,824.3459449745505,1072.689,662.9581183212075,370.0,1479.3333333333333,2237.650000000004,3803.556666666661,30240.33333333333,56.37519332199663,20.60744202143164,108.1922157807832,277.46935866866187,847.4721468907177,337.05423236558767,10.818652088529108,0.0370607811107844
random,Random,3,True,849786,178439,21.00131226569339,849.7674952623603,1000.125,1922.6637678141049,508.0,3378.900000000004,12909.666666666666,15266.869999999995,25789.33333333333,38.44583669976245,28.57738033247041,220.69319578697383,725.5091698631766,52.016540318114096,4598.739054228767,19.47807075157021,0.3020345240973779
round_robin,Round Robin,2,False,559541,126153,22.53288828043967,822.8017935064286,680.289,1691.3695139342049,650.5,3392.0,7386.0,15295.5,27069.5,296.9407390713577,45.5,958.0,4321.0,176.5,2931.5,14.0704396945589,3.2240779448932866
