strategy_folder,strategy_name,run_count,avg_ms,avg_ms_std,p90_ms,p90_ms_std,p95_ms,p95_ms_std,p99_ms,p99_ms_std,throughput_rps,throughput_rps_std,error_rate_percent,error_rate_percent_std,max_ms,max_ms_std
adaptive_full,Adaptive,3,662.9581183212075,56.37519332199663,1479.3333333333333,108.1922157807832,2237.650000000004,277.46935866866187,3803.556666666661,847.4721468907177,824.3459449745505,10.818652088529108,0.0315998473333428,0.0370607811107844,30240.33333333333,337.05423236558767
random,Random,3,1922.6637678141049,38.44583669976245,3378.900000000004,220.69319578697383,12909.666666666666,725.5091698631766,15266.869999999995,52.016540318114096,849.7674952623603,19.47807075157021,21.00131226569339,0.3020345240973779,25789.33333333333,4598.739054228767
round_robin,Round Robin,2,1691.3695139342049,296.9407390713577,3392.0,958.0,7386.0,4321.0,15295.5,176.5,822.8017935064286,14.0704396945589,22.53288828043967,3.2240779448932866,27069.5,2931.5
